feature,mean_abs_shap
count,5.16361787759139
service_private,3.0305087459296267
src_byte_share,2.4191098924507353
zero_bytes,2.2917904089992223
flag_S0,1.8501807720593262
serror_rate,1.6194066046031028
same_srv_rate,1.3709677359506822
dst_host_srv_count,1.1200297545229783
flag_REJ,1.0652087192568336
wrong_fragment,0.8948806537112866
logged_in,0.7935635936252076
dst_host_count,0.736522685596641
service_smtp,0.705431854850924
dst_host_same_src_port_rate,0.6805865936890642
service_http,0.4967418579210193
dst_host_rerror_rate,0.4547783767107451
protocol_type_tcp,0.41237549883254354
srv_count,0.38676021218111495
rerror_rate,0.3797258842200755
protocol_type_udp,0.3148350045183292
dst_host_srv_diff_host_rate,0.2901311088235219
service_other,0.24668307416532503
service_ftp_data,0.18721245788346863
srv_count_share,0.12568628477915153
srv_diff_host_rate,0.12267588550996218
flag_SF,0.09940381136569709
num_root,0.09672746185090532
service_urp_i,0.07254608789461053
host_srv_share,0.06985003101386046
protocol_type_icmp,0.0647023840514324
hot,0.05674497147387157
service_domain_u,0.041894388111671836
dst_host_diff_srv_rate,0.03629005356732039
num_access_files,0.027566881971060647
service_eco_i,0.026829466527498937
duration,0.015204858284025674
service_finger,0.007953625081757256
service_ecr_i,0.007621769002702591
dst_bytes,0.004845839148088305
service_efs,0.0033096385237762057
service_courier,0.0027235388690402106
service_ftp,0.0024622919625630598
service_kshell,0.002396339492926673
service_vmnet,0.002100018800234603
service_whois,0.0018365043527556982
is_guest_login,0.0016603636510326293
service_mtp,0.0015305293433657496
service_name,0.0011788574926301363
service_urh_i,0.0003732355495683668
service_netbios_dgm,0.00020304795420788435
src_bytes,0.0001906116470269592
service_netbios_ns,0.00014228338638194843
num_compromised,2.3400507912513853e-17
root_shell,3.8730210189198765e-18
su_attempted,3.2586294833547175e-18
num_file_creations,2.9639727976940558e-18
num_failed_logins,1.0830405104313608e-18
land,7.289530711208821e-19
urgent,1.5951887224870785e-19
num_shells,4.354442918312591e-20
flag_OTH,0.0
service_systat,0.0
service_rje,0.0
service_shell,0.0
flag_S3,0.0
flag_S2,0.0
service_sql_net,0.0
service_ssh,0.0
service_sunrpc,0.0
service_supdup,0.0
flag_RSTR,0.0
flag_S1,0.0
flag_RSTOS0,0.0
service_telnet,0.0
service_tim_i,0.0
service_time,0.0
flag_RSTO,0.0
service_uucp,0.0
service_uucp_path,0.0
service_remote_job,0.0
service_IRC,0.0
service_nnsp,0.0
service_red_i,0.0
service_http_443,0.0
service_Z39_50,0.0
service_auth,0.0
service_bgp,0.0
service_csnet_ns,0.0
service_ctf,0.0
service_daytime,0.0
service_discard,0.0
service_domain,0.0
service_echo,0.0
service_exec,0.0
service_gopher,0.0
service_hostnames,0.0
service_imap4,0.0
service_printer,0.0
service_iso_tsap,0.0
service_klogin,0.0
service_ldap,0.0
service_link,0.0
service_login,0.0
service_netbios_ssn,0.0
service_netstat,0.0
service_X11,0.0
service_nntp,0.0
service_ntp_u,0.0
service_pop_2,0.0
service_pop_3,0.0
flag_SH,0.0
