duration,protocol_type,service,flag,src_bytes,dst_bytes,land,wrong_fragment,urgent,hot,num_failed_logins,logged_in,num_compromised,root_shell,su_attempted,num_root,num_file_creations,num_shells,num_access_files,num_outbound_cmds,is_host_login,is_guest_login,count,srv_count,serror_rate,srv_serror_rate,rerror_rate,srv_rerror_rate,same_srv_rate,diff_srv_rate,srv_diff_host_rate,dst_host_count,dst_host_srv_count,dst_host_same_srv_rate,dst_host_diff_srv_rate,dst_host_same_src_port_rate,dst_host_srv_diff_host_rate,dst_host_serror_rate,dst_host_srv_serror_rate,dst_host_rerror_rate,dst_host_srv_rerror_rate
0,tcp,http,SF,343,1307,0,0,0,0,0,1,0,0,0,0,0,0,0,0,0,0,9,10,0.0,0.0,0.0,0.0,1.0,0.0,0.2,251,255,1.0,0.0,0.0,0.01,0.0,0.0,0.0,0.0
0,tcp,private,S0,0,0,0,0,0,0,0,0,0,0,0,0,0,0,0,0,0,0,240,9,1.0,1.0,0.0,0.0,0.04,0.06,0.0,255,9,0.04,0.09,0.0,0.0,1.0,1.0,0.0,0.0
0,udp,ntp_u,SF,48,48,0,0,0,0,0,0,0,0,0,0,0,0,0,0,0,0,1,1,0.0,0.0,0.0,0.0,1.0,0.0,0.0,11,5,0.45,0.18,0.45,0.0,0.0,0.0,0.0,0.0
3954,udp,other,SF,145,105,0,0,0,0,0,0,0,0,0,0,0,0,0,0,0,0,1,1,0.0,0.0,0.0,0.0,1.0,0.0,0.0,255,2,0.01,0.66,0.97,0.0,0.0,0.0,0.0,0.0
0,icmp,eco_i,SF,18,0,0,0,0,0,0,0,0,0,0,0,0,0,0,0,0,0,1,1,0.0,0.0,0.0,0.0,1.0,0.0,0.0,2,202,1.0,0.0,1.0,0.25,0.0,0.0,0.0,0.0
0,tcp,private,S0,0,0,0,0,0,0,0,0,0,0,0,0,0,0,0,0,0,0,220,24,1.0,1.0,0.0,0.0,0.11,0.05,0.0,255,24,0.09,0.05,0.0,0.0,1.0,1.0,0.0,0.0
0,tcp,private,S0,0,0,0,0,0,0,0,0,0,0,0,0,0,0,0,0,0,0,10,6,1.0,1.0,0.0,0.0,0.6,0.3,0.0,255,6,0.02,0.09,0.0,0.0,1.0,1.0,0.0,0.0
0,tcp,private,REJ,0,0,0,0,0,0,0,0,0,0,0,0,0,0,0,0,0,0,101,10,0.0,0.0,1.0,1.0,0.1,0.06,0.0,255,10,0.04,0.07,0.0,0.0,0.0,0.0,1.0,1.0
0,tcp,http,SF,211,1236,0,0,0,0,0,1,0,0,0,0,0,0,0,0,0,0,3,3,0.0,0.0,0.0,0.0,1.0,0.0,0.0,3,255,1.0,0.0,0.33,0.02,0.0,0.0,0.0,0.0
0,tcp,http,SF,387,16355,0,0,0,0,0,1,0,0,0,0,0,0,0,0,0,0,6,7,0.0,0.0,0.0,0.0,1.0,0.0,0.29,148,255,1.0,0.0,0.01,0.01,0.0,0.0,0.0,0.0
0,tcp,private,S0,0,0,0,0,0,0,0,0,0,0,0,0,0,0,0,0,0,0,128,15,1.0,1.0,0.0,0.0,0.12,0.05,0.0,255,8,0.03,0.06,0.0,0.0,1.0,1.0,0.0,0.0
0,tcp,http,REJ,0,0,0,0,0,0,0,0,0,0,0,0,0,0,0,0,0,0,1,2,0.0,0.0,1.0,1.0,1.0,0.0,1.0,9,253,1.0,0.0,0.11,0.22,0.0,0.0,1.0,0.92
0,tcp,imap4,S0,0,0,0,0,0,0,0,0,0,0,0,0,0,0,0,0,0,0,227,14,1.0,1.0,0.0,0.0,0.06,0.07,0.0,255,18,0.07,0.07,0.0,0.0,1.0,1.0,0.0,0.0
0,tcp,private,S0,0,0,0,0,0,0,0,0,0,0,0,0,0,0,0,0,0,0,280,10,1.0,1.0,0.0,0.0,0.04,0.06,0.0,255,13,0.05,0.07,0.0,0.0,1.0,1.0,0.0,0.0
2089,udp,other,SF,147,105,0,0,0,0,0,0,0,0,0,0,0,0,0,0,0,0,1,1,0.0,0.0,0.0,0.0,1.0,0.0,0.0,255,1,0.0,0.58,0.93,0.0,0.0,0.0,0.0,0.0
0,tcp,private,S0,0,0,0,0,0,0,0,0,0,0,0,0,0,0,0,0,0,0,142,2,1.0,1.0,0.0,0.0,0.01,0.06,0.0,255,1,0.0,0.07,0.0,0.0,1.0,1.0,0.0,0.0
0,tcp,http,SF,296,1664,0,0,0,0,0,1,0,0,0,0,0,0,0,0,0,0,2,9,0.0,0.0,0.0,0.0,1.0,0.0,0.33,122,231,1.0,0.0,0.01,0.02,0.0,0.0,0.0,0.0
0,tcp,http,REJ,0,0,0,0,0,0,0,0,0,0,0,0,0,0,0,0,0,0,1,1,0.0,0.0,1.0,1.0,1.0,0.0,0.0,1,255,1.0,0.0,1.0,0.09,0.0,0.0,1.0,0.66
0,tcp,http,SF,343,511,0,0,0,0,0,1,0,0,0,0,0,0,0,0,0,0,14,18,0.0,0.0,0.0,0.0,1.0,0.0,0.22,255,255,1.0,0.0,0.0,0.0,0.0,0.0,0.0,0.0
0,tcp,private,S0,0,0,0,0,0,0,0,0,0,0,0,0,0,0,0,0,0,0,137,7,1.0,1.0,0.0,0.0,0.05,0.06,0.0,255,7,0.03,0.08,0.0,0.0,1.0,1.0,0.0,0.0
0,tcp,http,SF,259,1194,0,0,0,0,0,1,0,0,0,0,0,0,0,0,0,0,15,15,0.0,0.0,0.0,0.0,1.0,0.0,0.0,89,255,1.0,0.0,0.01,0.02,0.0,0.0,0.0,0.0
0,tcp,http,SF,243,9714,0,0,0,0,0,1,0,0,0,0,0,0,0,0,0,0,9,9,0.0,0.0,0.0,0.0,1.0,0.0,0.0,31,255,1.0,0.0,0.03,0.02,0.0,0.0,0.0,0.0
0,udp,domain_u,SF,42,42,0,0,0,0,0,0,0,0,0,0,0,0,0,0,0,0,7,12,0.0,0.0,0.0,0.0,1.0,0.0,0.17,255,255,1.0,0.0,0.0,0.0,0.0,0.0,0.0,0.0
1,tcp,smtp,SF,1524,369,0,0,0,0,0,1,0,0,0,0,0,0,0,0,0,0,1,3,0.0,0.0,0.0,0.0,1.0,0.0,1.0,48,169,0.83,0.06,0.02,0.02,0.0,0.0,0.0,0.0
0,tcp,http,SF,207,377,0,0,0,0,0,1,0,0,0,0,0,0,0,0,0,0,2,3,0.0,0.0,0.0,0.0,1.0,0.0,0.67,10,255,1.0,0.0,0.1,0.04,0.0,0.0,0.0,0.0
0,tcp,private,S0,0,0,0,0,0,0,0,0,0,0,0,0,0,0,0,0,0,0,219,5,1.0,1.0,0.0,0.0,0.02,0.05,0.0,255,2,0.01,0.07,0.0,0.0,1.0,1.0,0.0,0.0
0,tcp,private,REJ,0,0,0,0,0,0,0,0,0,0,0,0,0,0,0,0,0,0,280,14,0.0,0.0,1.0,1.0,0.05,0.06,0.0,255,14,0.05,0.07,0.0,0.0,0.0,0.0,1.0,1.0
24,tcp,ftp,SF,332,1069,0,0,0,6,0,1,0,0,0,0,0,0,0,0,0,1,1,1,0.0,0.0,0.0,0.0,1.0,0.0,0.0,200,24,0.12,0.04,0.0,0.0,0.0,0.0,0.0,0.0
0,tcp,http,SF,329,361,0,0,0,0,0,1,0,0,0,0,0,0,0,0,0,0,10,16,0.0,0.0,0.0,0.0,1.0,0.0,0.19,255,255,1.0,0.0,0.0,0.0,0.0,0.0,0.0,0.0
0,tcp,private,S0,0,0,0,0,0,0,0,0,0,0,0,0,0,0,0,0,0,0,94,4,1.0,1.0,0.0,0.0,0.04,0.06,0.0,255,9,0.04,0.06,0.0,0.0,1.0,1.0,0.0,0.0
0,tcp,http,SF,248,517,0,0,0,0,0,1,0,0,0,0,0,0,0,0,0,0,16,34,0.0,0.0,0.0,0.0,1.0,0.0,0.15,255,255,1.0,0.0,0.0,0.0,0.0,0.0,0.0,0.0
0,tcp,http,SF,228,2550,0,0,0,0,0,1,0,0,0,0,0,0,0,0,0,0,4,4,0.0,0.0,0.0,0.0,1.0,0.0,0.0,12,255,1.0,0.0,0.08,0.05,0.0,0.0,0.0,0.0
0,tcp,http,SF,347,12689,0,0,0,0,0,1,0,0,0,0,0,0,0,0,0,0,6,10,0.0,0.0,0.0,0.0,1.0,0.0,0.2,255,255,1.0,0.0,0.0,0.0,0.0,0.0,0.0,0.0
0,tcp,private,S0,0,0,0,0,0,0,0,0,0,0,0,0,0,0,0,0,0,0,252,12,1.0,1.0,0.0,0.0,0.05,0.06,0.0,255,12,0.05,0.05,0.0,0.0,1.0,1.0,0.0,0.0
0,tcp,private,S0,0,0,0,0,0,0,0,0,0,0,0,0,0,0,0,0,0,0,206,12,1.0,1.0,0.0,0.0,0.06,0.06,0.0,255,18,0.07,0.06,0.0,0.0,1.0,1.0,0.0,0.0
0,tcp,private,S0,0,0,0,0,0,0,0,0,0,0,0,0,0,0,0,0,0,0,114,9,0.99,1.0,0.0,0.0,0.08,0.08,0.0,255,9,0.04,0.06,0.0,0.0,1.0,1.0,0.0,0.0
0,tcp,ftp_data,SF,960,0,0,0,0,0,0,1,0,0,0,0,0,0,0,0,0,0,2,2,0.0,0.0,0.0,0.0,1.0,0.0,0.0,61,130,0.59,0.05,0.59,0.02,0.0,0.0,0.0,0.0
0,tcp,http,SF,324,1425,0,0,0,0,0,1,0,0,0,0,0,0,0,0,0,0,4,4,0.0,0.0,0.0,0.0,1.0,0.0,0.0,255,255,1.0,0.0,0.0,0.0,0.0,0.0,0.0,0.0
0,udp,private,SF,105,146,0,0,0,0,0,0,0,0,0,0,0,0,0,0,0,0,2,2,0.0,0.0,0.0,0.0,1.0,0.0,0.0,255,239,0.94,0.01,0.01,0.0,0.0,0.0,0.0,0.0
0,tcp,http,SF,221,376,0,0,0,0,0,1,0,0,0,0,0,0,0,0,0,0,4,7,0.0,0.0,0.0,0.0,1.0,0.0,0.29,167,255,1.0,0.0,0.01,0.03,0.0,0.0,0.0,0.0
0,tcp,http,SF,316,466,0,0,0,0,0,1,0,0,0,0,0,0,0,0,0,0,9,17,0.0,0.0,0.0,0.0,1.0,0.0,0.24,255,255,1.0,0.0,0.0,0.0,0.0,0.0,0.0,0.0
37,tcp,smtp,SF,1037,332,0,0,0,0,0,1,0,0,0,0,0,0,0,0,0,0,1,2,0.0,0.0,0.0,0.0,1.0,0.0,1.0,131,162,0.71,0.02,0.01,0.01,0.0,0.0,0.0,0.0
0,tcp,ftp_data,SF,8173,0,0,0,0,0,0,1,0,0,0,0,0,0,0,0,0,0,7,7,0.0,0.0,0.0,0.0,1.0,0.0,0.0,148,77,0.43,0.05,0.43,0.03,0.0,0.0,0.0,0.0
0,tcp,http,SF,227,1075,0,0,0,0,0,1,0,0,0,0,0,0,0,0,0,0,4,3,0.0,0.0,0.25,0.0,0.75,0.5,0.0,255,249,0.98,0.01,0.0,0.0,0.0,0.0,0.0,0.0
0,tcp,http,SF,326,296,0,0,0,0,0,1,0,0,0,0,0,0,0,0,0,0,13,14,0.0,0.0,0.0,0.0,1.0,0.0,0.14,255,255,1.0,0.0,0.0,0.0,0.0,0.0,0.0,0.0
1,tcp,smtp,SF,1326,281,0,0,0,0,0,1,0,0,0,0,0,0,0,0,0,0,1,1,0.0,0.0,0.0,0.0,1.0,0.0,0.0,162,119,0.54,0.04,0.01,0.02,0.0,0.0,0.0,0.0
0,tcp,private,S0,0,0,0,0,0,0,0,0,0,0,0,0,0,0,0,0,0,0,140,14,1.0,1.0,0.0,0.0,0.1,0.07,0.0,255,14,0.05,0.06,0.0,0.0,1.0,1.0,0.0,0.0
0,tcp,private,S0,0,0,0,0,0,0,0,0,0,0,0,0,0,0,0,0,0,0,293,2,1.0,1.0,0.0,0.0,0.01,0.06,0.0,255,1,0.0,0.07,0.0,0.0,1.0,1.0,0.0,0.0
0,tcp,private,S0,0,0,0,0,0,0,0,0,0,0,0,0,0,0,0,0,0,0,129,1,1.0,1.0,0.0,0.0,0.01,0.06,0.0,255,20,0.08,0.07,0.0,0.0,1.0,1.0,0.0,0.0
0,tcp,http,SF,247,395,0,0,0,0,0,1,0,0,0,0,0,0,0,0,0,0,2,2,0.0,0.0,0.0,0.0,1.0,0.0,0.0,17,255,1.0,0.0,0.06,0.07,0.0,0.0,0.0,0.0
0,tcp,http,SF,209,2721,0,0,0,0,0,1,0,0,0,0,0,0,0,0,0,0,5,8,0.0,0.0,0.0,0.0,1.0,0.0,0.25,33,255,1.0,0.0,0.03,0.01,0.0,0.0,0.0,0.0
0,udp,domain_u,SF,45,45,0,0,0,0,0,0,0,0,0,0,0,0,0,0,0,0,2,5,0.0,0.0,0.0,0.0,1.0,0.0,0.6,255,250,0.98,0.01,0.01,0.0,0.0,0.0,0.0,0.0
0,tcp,private,S0,0,0,0,0,0,0,0,0,0,0,0,0,0,0,0,0,0,0,148,15,1.0,1.0,0.0,0.0,0.1,0.05,0.0,255,16,0.06,0.06,0.0,0.0,1.0,1.0,0.0,0.0
5051,tcp,ftp_data,SF,5135678,0,0,0,0,0,0,1,0,0,0,0,0,0,0,0,0,0,1,1,0.0,0.0,0.0,0.0,1.0,0.0,0.0,10,21,1.0,0.0,1.0,0.1,0.0,0.0,0.0,0.0
0,tcp,http,SF,204,2413,0,0,0,0,0,1,0,0,0,0,0,0,0,0,0,0,12,12,0.0,0.0,0.0,0.0,1.0,0.0,0.0,12,255,1.0,0.0,0.08,0.02,0.0,0.0,0.0,0.0
0,tcp,smtp,SF,11372,935,0,0,0,0,0,1,0,0,0,0,0,0,0,0,0,0,1,1,0.0,0.0,0.0,0.0,1.0,0.0,0.0,255,8,0.03,0.01,0.0,0.0,0.0,0.0,0.0,0.0
0,tcp,http,SF,205,2806,0,0,0,0,0,1,0,0,0,0,0,0,0,0,0,0,16,54,0.0,0.0,0.0,0.0,1.0,0.0,0.04,16,255,1.0,0.0,0.06,0.05,0.0,0.0,0.0,0.0
0,tcp,remote_job,S0,0,0,0,0,0,0,0,0,0,0,0,0,0,0,0,0,0,0,273,13,1.0,1.0,0.0,0.0,0.05,0.05,0.0,255,13,0.05,0.05,0.0,0.0,1.0,1.0,0.0,0.0
0,tcp,exec,RSTO,0,0,0,0,0,0,0,0,0,0,0,0,0,0,0,0,0,0,130,16,0.0,0.0,1.0,1.0,0.12,0.06,0.0,255,16,0.06,0.06,0.0,0.0,0.0,0.0,1.0,1.0
0,tcp,http,SF,236,1581,0,0,0,0,0,1,0,0,0,0,0,0,0,0,0,0,10,11,0.0,0.0,0.0,0.0,1.0,0.0,0.18,64,255,1.0,0.0,0.02,0.03,0.0,0.0,0.0,0.0
0,tcp,http,SF,231,258,0,0,0,0,0,1,0,0,0,0,0,0,0,0,0,0,4,4,0.0,0.0,0.0,0.0,1.0,0.0,0.0,255,252,0.99,0.01,0.0,0.0,0.0,0.0,0.0,0.0
0,tcp,private,S0,0,0,0,0,0,0,0,0,0,0,0,0,0,0,0,0,0,0,196,3,1.0,1.0,0.0,0.0,0.02,0.08,0.0,255,3,0.01,0.08,0.0,0.0,1.0,1.0,0.0,0.0
4,tcp,smtp,SF,673,329,0,0,0,0,0,1,0,0,0,0,0,0,0,0,0,0,1,4,0.0,0.0,0.0,0.0,1.0,0.0,1.0,74,171,0.8,0.05,0.01,0.01,0.0,0.0,0.0,0.0
0,tcp,private,S0,0,0,0,0,0,0,0,0,0,0,0,0,0,0,0,0,0,0,140,3,1.0,1.0,0.0,0.0,0.02,0.06,0.0,255,3,0.01,0.07,0.0,0.0,1.0,1.0,0.0,0.0
0,tcp,private,S0,0,0,0,0,0,0,0,0,0,0,0,0,0,0,0,0,0,0,229,19,1.0,1.0,0.0,0.0,0.08,0.06,0.0,255,16,0.06,0.08,0.0,0.0,1.0,1.0,0.0,0.0
0,tcp,private,REJ,0,0,0,0,0,0,0,0,0,0,0,0,0,0,0,0,0,0,254,11,0.0,0.0,1.0,1.0,0.04,0.06,0.0,255,11,0.04,0.08,0.0,0.0,0.0,0.0,1.0,1.0
0,tcp,ftp_data,SF,172,0,0,0,0,0,0,1,0,0,0,0,0,0,0,0,0,0,1,1,0.0,0.0,0.0,0.0,1.0,0.0,0.0,94,94,0.54,0.05,0.54,0.02,0.0,0.01,0.0,0.0
0,tcp,http,SF,291,2488,0,0,0,0,0,1,0,0,0,0,0,0,0,0,0,0,16,19,0.0,0.0,0.0,0.0,1.0,0.0,0.16,255,255,1.0,0.0,0.0,0.0,0.0,0.0,0.0,0.0
6,tcp,smtp,SF,1470,332,0,0,0,0,0,1,0,0,0,0,0,0,0,0,0,0,1,2,0.0,0.0,0.0,0.0,1.0,0.0,1.0,135,238,0.99,0.01,0.01,0.01,0.0,0.0,0.0,0.0
0,tcp,ftp_data,SF,11383,0,0,0,0,0,0,1,0,0,0,0,0,0,0,0,0,0,1,1,0.0,0.0,0.0,0.0,1.0,0.0,0.0,119,64,0.22,0.03,0.22,0.05,0.0,0.0,0.0,0.0
0,udp,private,SF,28,0,0,3,0,0,0,0,0,0,0,0,0,0,0,0,0,0,29,29,0.0,0.0,0.0,0.0,1.0,0.0,0.0,232,29,0.12,0.05,0.12,0.0,0.02,0.0,0.0,0.0
0,tcp,http,SF,325,7620,0,0,0,0,0,1,0,0,0,0,0,0,0,0,0,0,1,1,0.0,0.0,0.0,0.0,1.0,0.0,0.0,31,255,1.0,0.0,0.03,0.04,0.0,0.0,0.0,0.0
0,udp,domain_u,SF,30,90,0,0,0,0,0,0,0,0,0,0,0,0,0,0,0,0,1,1,0.0,0.0,0.0,0.0,1.0,0.0,0.0,2,220,1.0,0.0,1.0,0.01,0.0,0.0,0.0,0.0
0,tcp,http,SF,208,1761,0,0,0,0,0,1,0,0,0,0,0,0,0,0,0,0,14,16,0.0,0.0,0.0,0.0,1.0,0.0,0.12,255,255,1.0,0.0,0.0,0.0,0.0,0.0,0.0,0.0
0,udp,private,SF,105,145,0,0,0,0,0,0,0,0,0,0,0,0,0,0,0,0,1,1,0.0,0.0,0.0,0.0,1.0,0.0,0.0,255,182,0.71,0.01,0.02,0.0,0.0,0.0,0.0,0.0
0,tcp,http,SF,303,1411,0,0,0,0,0,1,0,0,0,0,0,0,0,0,0,0,7,7,0.0,0.0,0.0,0.0,1.0,0.0,0.0,167,255,1.0,0.0,0.01,0.02,0.0,0.0,0.0,0.0
0,tcp,private,S0,0,0,0,0,0,0,0,0,0,0,0,0,0,0,0,0,0,0,247,12,1.0,1.0,0.0,0.0,0.05,0.07,0.0,255,12,0.05,0.07,0.0,0.0,1.0,1.0,0.0,0.0
0,tcp,http,REJ,0,0,0,0,0,0,0,0,0,0,0,0,0,0,0,0,0,0,1,1,0.0,0.0,1.0,1.0,1.0,0.0,0.0,1,206,1.0,0.0,1.0,0.09,0.0,0.0,1.0,1.0
0,tcp,private,S0,0,0,0,0,0,0,0,0,0,0,0,0,0,0,0,0,0,0,227,13,1.0,1.0,0.0,0.0,0.06,0.06,0.0,255,13,0.05,0.05,0.0,0.0,1.0,1.0,0.0,0.0
0,tcp,private,S0,0,0,0,0,0,0,0,0,0,0,0,0,0,0,0,0,0,0,219,11,1.0,1.0,0.0,0.0,0.05,0.06,0.0,255,10,0.04,0.06,0.0,0.0,1.0,1.0,0.0,0.0
0,tcp,private,S0,0,0,0,0,0,0,0,0,0,0,0,0,0,0,0,0,0,0,261,11,1.0,1.0,0.0,0.0,0.04,0.05,0.0,255,11,0.04,0.06,0.0,0.0,1.0,1.0,0.0,0.0
0,tcp,http,SF,292,1231,0,0,0,0,0,1,0,0,0,0,0,0,0,0,0,0,36,36,0.0,0.0,0.0,0.0,1.0,0.0,0.0,255,255,1.0,0.0,0.0,0.0,0.0,0.0,0.0,0.0
0,tcp,smtp,SF,1593,391,0,0,0,0,0,1,0,0,0,0,0,0,0,0,0,0,1,1,0.0,0.0,0.0,0.0,1.0,0.0,0.0,109,179,0.83,0.04,0.01,0.01,0.01,0.0,0.0,0.0
0,tcp,private,S0,0,0,0,0,0,0,0,0,0,0,0,0,0,0,0,0,0,0,222,11,0.55,1.0,0.0,0.0,0.05,0.04,0.0,255,10,0.04,0.05,0.0,0.0,1.0,1.0,0.0,0.0
0,tcp,http,SF,213,1946,0,0,0,0,0,1,0,0,0,0,0,0,0,0,0,0,2,3,0.0,0.0,0.0,0.0,1.0,0.0,0.67,23,255,1.0,0.0,0.04,0.02,0.0,0.0,0.0,0.0
0,tcp,http,SF,203,277,0,0,0,0,0,1,0,0,0,0,0,0,0,0,0,0,22,23,0.0,0.0,0.0,0.0,1.0,0.0,0.09,22,255,1.0,0.0,0.05,0.02,0.0,0.0,0.0,0.0
0,tcp,http,SF,193,10744,0,0,0,0,0,1,0,0,0,0,0,0,0,0,0,0,3,3,0.0,0.0,0.0,0.0,1.0,0.0,0.0,90,255,1.0,0.0,0.01,0.04,0.0,0.0,0.0,0.0
0,tcp,private,S0,0,0,0,0,0,0,0,0,0,0,0,0,0,0,0,0,0,0,119,5,1.0,1.0,0.0,0.0,0.04,0.06,0.0,255,1,0.0,0.07,0.0,0.0,1.0,1.0,0.0,0.0
0,tcp,http,SF,282,263,0,0,0,0,0,1,0,0,0,0,0,0,0,0,0,0,18,21,0.0,0.0,0.0,0.0,1.0,0.0,0.19,255,255,1.0,0.0,0.0,0.0,0.0,0.0,0.0,0.0
0,tcp,private,S0,0,0,0,0,0,0,0,0,0,0,0,0,0,0,0,0,0,0,232,9,1.0,1.0,0.0,0.0,0.04,0.05,0.0,255,9,0.04,0.06,0.0,0.0,1.0,1.0,0.0,0.0
7257,udp,other,SF,147,105,0,0,0,0,0,0,0,0,0,0,0,0,0,0,0,0,1,1,0.0,0.0,0.0,0.0,1.0,0.0,0.0,255,1,0.0,0.88,0.98,0.0,0.0,0.0,0.0,0.0
0,tcp,private,REJ,0,0,0,0,0,0,0,0,0,0,0,0,0,0,0,0,0,0,150,20,0.0,0.0,1.0,1.0,0.13,0.05,0.0,255,20,0.08,0.06,0.0,0.0,0.0,0.0,1.0,1.0
0,tcp,private,S0,0,0,0,0,0,0,0,0,0,0,0,0,0,0,0,0,0,0,116,9,1.0,1.0,0.0,0.0,0.08,0.06,0.0,255,9,0.04,0.05,0.0,0.0,1.0,1.0,0.0,0.0
0,tcp,private,REJ,0,0,0,0,0,0,0,0,0,0,0,0,0,0,0,0,0,0,119,5,0.0,0.0,1.0,1.0,0.04,0.07,0.0,255,5,0.02,0.06,0.0,0.0,0.0,0.0,1.0,1.0
0,tcp,private,S0,0,0,0,0,0,0,0,0,0,0,0,0,0,0,0,0,0,0,149,19,1.0,1.0,0.0,0.0,0.13,0.05,0.0,255,15,0.06,0.07,0.0,0.0,1.0,1.0,0.0,0.0
0,tcp,ftp_data,SF,383,0,0,0,0,0,0,0,0,0,0,0,0,0,0,0,0,0,2,1,0.0,0.0,0.0,0.0,0.5,1.0,0.0,255,98,0.38,0.02,0.38,0.0,0.0,0.0,0.0,0.0
0,tcp,http,SF,310,2533,0,0,0,0,0,1,0,0,0,0,0,0,0,0,0,0,5,5,0.0,0.0,0.0,0.0,1.0,0.0,0.0,255,255,1.0,0.0,0.01,0.0,0.01,0.01,0.02,0.02
0,tcp,efs,S0,0,0,0,0,0,0,0,0,0,0,0,0,0,0,0,0,0,0,96,6,1.0,1.0,0.0,0.0,0.06,0.06,0.0,255,6,0.02,0.06,0.0,0.0,1.0,1.0,0.0,0.0
0,tcp,http,SF,258,16791,0,0,0,0,0,1,0,0,0,0,0,0,0,0,0,0,6,9,0.0,0.0,0.0,0.0,1.0,0.0,0.22,255,255,1.0,0.0,0.0,0.0,0.0,0.0,0.0,0.0
0,tcp,http,SF,173,11182,0,0,0,0,0,1,0,0,0,0,0,0,0,0,0,0,1,1,0.0,0.0,0.0,0.0,1.0,0.0,0.0,53,255,1.0,0.0,0.02,0.05,0.0,0.0,0.0,0.0
